ID,Game Title
2030093255,Forza Horizon 5
1985701699,Forza Horizon 4
1289871275,Forza Horizon 3
2135594829,Jurassic World Evolution 2
1771004118,Sniper Elite 5
100764563,Sniper Elite 4
1727379133,Tinykin
724369121,Saints Row
1887182103,F1 Manager 2022
2055522726,Madden NFL 23
1749676903,Two Point Campus
1804401706,F1 22
2043073184,Halo Infinite
1297287142,Halo 3 (Xbox 360)
2035309799,Dead by Daylight (Xbox)
1144039928,Halo : The Master Chief Collection
1850970705,Blazing Chrome
1297287449,Halo 4 (360)
749916287,Dead Rising 4
1628516715,Apex Legends
717702870,OutRiders
1700516900,Ninja Gaiden 3: Razor's Edge
1751973977,Gears of War: Ultimate Edition for Windows 10
552499398,Gears 4
1616046491,Gears Tactics
1938834516,State of Decay 2: Juggernaut Edition
35820305,Crackdown 3: Wrecking Zone
824378203,Crackdown 3: Campaign
1961305648,Totally Accurate Battle Simulator
1678543324,Aragami 2
1839962134,Phasmophobia
1677025209,Wolfenstein: The New Order (PC)
2095867988,The Evil Within (PC)
2098787950,Age of Empires IV
1755599316,Age of Empires Definitive Edition
1850945804,Age of Empires III: Definitive Edition
2021110805,Roblox
1944807356,Twelve Minutes
1030018025,Halo Wars: Definitive Edition
1667928394,Halo Wars 2
1970218801,Dead by Daylight (Windows)
1745314691,Psychonauts 2
1777860928,Microsoft Flight Simulator
374923716,Gears 5
2105342780,Grounded - Game Preview
1717113201,Sea of Thieves
1997201494,Aliens: Fireteam Elite
1820250788,Fortnite
2014204696,PlayerUnknown's Battlegrounds
1619218235,Fall Guys: Ultimate Knockout
983730484,ARK: Survival Evolved
2096818168,Halo Infinite - Insider
210179407,Back 4 Blood
1756421327,Teenage Mutant Ninja Turtles: Shredder's Revenge
1617966762,Black Survival: Eternal Return
2081130223,Tom Clancy's Rainbow Six Siege
1991819514,Team Fortress 2
1703613380,Garry's Mod
2096906881,SMITE
1799585413,Who's Your Daddy
1638650050,Half-Life: Alyx
1849473846,Beat Saber
1811699532,League of Legends
1637803876,Dungeon Defenders II
1624264477,Taiko no Tatsujin: The Drum Master!
2024220276,Phantasy Star Online 2 New Genesis
1996766682,Generation Zero
1639119975,Among Us
1737329553,Total War: Warhammer III
1667877464,Final Fantasy XIV Online: A Realm Reborn
1856764962,VALORANT
1762047744,Destiny 2
1918679142,Black Desert Online
1872124110,Dota 2
836165876,The Ascent
1902329140,The Riftbreaker PC
219630713,Halo 5: Guardians
2064168993,Age of Empires II: Definitive Edition
102287491,Marvel's Avengers
1664288261,Dying Light
1928525856,Halo: MCC Insider
1690462158,Dauntless
2076735443,Darkest Dungeon PC
1635723607,Overwatch
85494077,Microsoft Solitaire Collection
1624636074,Call Of Duty Cold War
1720533230,Forza Street
293003647,Microsoft Wordament
2025399821,ONE PUNCH MAN: A HERO NOBODY KNOWS
792158305,Call of Duty®: Black Ops 4
1790482525,Call of Duty®: Black Ops Cold War
1985701699,Forza Horizon 4
2042945112,Atomicrops
736226383,Vegas Party
1949756621,Surgeon Simulator 2
1722658518,Star Crossed
2051565788,Atomicrops WIN10
1743668170,World Soccer Strikers '91
2057958746,Just Dance® 2021
2031716263,Farming Simulator 19 - Window 10
1912801032,PAW Patrol: Adventure City Calls
136002788,Farming Simulator 19
1636871347,Yakuza Kiwami (PC)
2060439943,The Last Door - Complete Edition
1727304779,The Darkside Detective: A Fumble in the Dark
1927891347,The Darkside Detective
996619018,The Sinking City
1848238632,Leisure Suit Larry - Wet Dreams Don't Dry
1998643149,Yakuza Kiwami
1992528067,Let's Cook Together
1714878640,60 Seconds!
2076835000,THE Casino Collection
1627281209,FUSER™
2113836989,I Saw Black Clouds
995337746,Brief Battles
1618794811,Solitaire 3D
2070801878,NieR:Automata_PC
1702713376,Genesis Noir
2114927250,Brunswick Pro Billiards
1789157539,Puyo Puyo™ Tetris® 2
1699788094,MotoGP20 - Microsoft Store
2079227086,MotoGP™20
2146442135,Let's Sing 2021
611794133,Just Dance 2019®
1712366974,PC Building Simulator
1984921092,Let's Sing Queen
1981398452,Peaky Blinders: Mastermind
1833175061,MXGP 2019
1666577136,Farm for your Life
2137239411,Minute of Islands
1784931030,Aerial_Knight's Never Yield
2027272098,The Last Show of Mr. Chardish
2026017924,Creaks
1829175632,Cymatically Muffed
1844143156,Beach Buggy Racing 2: Island Adventure
1616365132,Papa's Quiz
1761610960,Cold Silence (for Windows 10)
1804795180,Mask of Mists (Xbox Series X|S)
1706883902,Werewolf: The Apocalypse - Heart of the Forest
1868901412,Off Road Racing
1734092917,Spirit of the North: Enhanced Edition
1683175225,The Forbidden Arts
1971702433,Cris Tales
1721223782,Katamari Damacy Reroll_Windows
1777860928,Microsoft Flight Simulator
1724538394,Cris Tales Win 10
1995755957,Mind Maze
1936300879,BQM - BlockQuest Maker
2070906964,namcot collection_Base Game
2112932864,Cosmic Top Secret
2030659251,Out of Line
1995913309,Katamari Damacy Reroll_Base game
2088918777,Demolish and Build
1917641293,Treasure Hunter Simulator
1965100318,PlayShow Jeopardy!
1642866832,Landflix Odyssey
1648951692,Ary and the Secret of Seasons
2131696465,Drawngeon: Dungeons of Ink and Paper
2137426654,My Child Lebensborn
2087679407,Big Pharma
1698538174,Splash Blast Panic
1824827903,Olija
1824609776,Tamashii
1944985876,Cinders
2045542065,Sparkle 4 Tales
1944971356,Wunderling
1780268897,Harvest Moon: Light of Hope SE Complete
1750555114,El Hijo - A Wild West Tale
1983830877,Monster Truck Championship
1807714585,Monster Truck Championship
1975564752,Marble Duel
1962369921,Pumpkin Jack
2134295116,Lou's Revenge
1922758426,WRC 9 FIA World Rally Championship
1740300956,Neighbours from Hell
2081554729,Skully
1656081678,Outbreak: The New Nightmare Definitive Edition
1701706628,Harvest Moon: Mad Dash
1636920276,Ghost Sweeper
1870551425,My Universe - My Baby
1822065195,Nubarron: The adventure of an unlucky gnome
1636159338,Journey of the Broken Circle
1799531904,Robot Squad Simulator X
1660850673,3 out of 10: Season One
2015483372,Portal of Evil: Stolen Runes
2040979596,Steven Universe: Unleash the Light
2077036451,Cake Bash
1751239168,Down in Bermuda
2111261259,Biped
1650593751,Calico
2133385474,TOHU
2093604199,Summer in Mara
1689936313,Little Big Workshop
1662977443,Crashbots
1843366957,Elliot
2025856880,Pilot Sports
2128710093,Monster Sanctuary Win 10
2031627919,Wilmot's Warehouse
1926303930,Darkestville Castle
1726129713,Planet Coaster
1945712967,Streets of Rogue
1819798709,Tetris® Effect: Connected
2117650793,Skelattack
1744569178,Rusty Spout Rescue Adventure
1627998028,Unruly Heroes
1694490701,FuzzBall
882850648,Road to Ballhalla
2132710956,Cube Raiders
1761109525,My Universe - School Teacher
167646986,Flipping Death
2007771861,Woven the Game
267850304,ATV Drift & Tricks Definitive Edition
2037703927,Beyond Blue
1684926097,Megaquarium
2096932738,Edgar - Bokbok in Boulzac
1802006334,Neon Abyss Win10
1740517029,West of Dead
2106826312,Close to the Sun
923296121,Defunct
1735843094,Trover Saves the Universe
1716669263,Levelhead
1875149549,Smoots Summer Games
798989874,Decay of Logos
1753333721,Marenian Tavern Story: Patty and the Hungry God
1842576204,Bears Can’t Drift!?
1692546142,Two Point Hospital™
1970834532,RAGE 2 - PC
1659804324,Ori and the Will of the Wisps
34123030,Premium Pool Arena
2000145726,Party Arcade
1763187780,Claws of Furry
444406800,My Little Riding Champion
2140021544,CASE: Animatronics
1011775053,Party Golf
1749806231,Keep Talking and Nobody Explodes
1625295262,Shadow Fencer Theatre
1796159913,Crimson Keep
448463130,Mugsters
1675176110,The Outer Worlds Windows 10
2027066829,Ori and the Blind Forest: Definitive Edition - Nintendo Switch
415563833,DiRT Rally 2.0
1894333860,WRC 8 FIA World Rally Championship
1741459509,Ape Out
1655939920,Puyo Puyo Champions
2025884385,For The King (PC)
490838306,Fishing Planet
1649642799,Neonwall
188225844,11-11 Memories Retold
1981290513,Instant War
1864438197,Shape of the World
469396406,Airheart - Tales of broken Wings
606673599,Pumped BMX Pro
324613498,I Hate Running Backwards
120934966,DragoDino
1052246602,Awkward
975846135,LEGO® DC Super-Villains
1634824534,Iconoclasts
2132429347,Risk of Rain 2
2036551350,FAR: Lone Sails
2057527949,Operencia: The Stolen Sun
961090289,Tom Clancy’s Ghost Recon® Breakpoint
806435492,Road Redemption
533811602,Steel Rats™
2132785815,Wolfenstein® II: The New Colossus™
1717888621,Galaxy Control: Arena
2031756340,They Are Billions
2064168993,Age of Empires II: Definitive Edition
1622466190,Sparklite
2050010864,Two Point Hospital™
1986709804,Omensight
1020187268,Nine Parchments
2002259331,Darksiders III
1622132960,Dead Cells
1856508918,Faeria
1656145947,Moonlighter
1704625304,Top Run
1737346272,Neverwinter Nights: Enhanced Edition
790047319,Sekiro™: Shadows Die Twice
547734537,Truck Racing Championship
1963676642,Throne Quest Deluxe
2093000869,Slay The Spire
1867293778,Darwin Project
308514854,Outward
940586683,Wizard of Legend
1673805558,Simulacra
901516198,The Surge 2
760882151,CRSED: F.O.A.D.
1960926264,Phoenix Point
1916478046,Plague Road
1726671134,Double Cross
1645577996,Must Dash Amigos
247373574,Xenon Racer
2115400039,HELLFRON: HONEYMOON
1914565485,Risk of Rain
1715186656,GREEN VIDEO GAME
1630662193,Zombieland
1833403666,SteamWorld Dig 2
2048511735,Munchkin CG
1884265285,Warparty
558873478,RGX: Showdown
25830915,Ninjin: Clash of Carrots
29206755,Think of the Children
1611809839,Undead Horde
913091269,INVERSUS Deluxe
1944273028,Thief of Thieves: Season One
175755835,Felix The Reaper
1990492211,Sea Salt
1895560154,Virtual Villagers Origins 2 Xbox
352040487,Tom Clancy's The Division® 2
1942613627,Citizens of Space
634298669,Bad North
1837367469,SolSeraph
718727066,Jagged Alliance: Rage!
1997603662,Minion Masters
521446567,WORLD OF FINAL FANTASY MAXIMA
1854696468,The Lord of the Ring : The Living Card Game
157772240,The Bard's Tale IV: Director's Cut
882567557,Hand of the Gods
872826607,Vigor
1900870116,Night Call WIN10
939155231,The Council - Episode 1: The Mad Ones
446256697,My Time at Portia
1892393976,Sundered: Eldritch Edition
1638283108,Golem Gates
2044736974,Pandemic: The Board Game
1930807586,Unknown Fate
1842105208,Tetsumo Party
684411144,Immortal: Unchained
162448742,Outer Wilds
2042807745,Dark Quest 2
1778298055,Void Bastards
827319667,Space Hulk: Tactics
337857707,Bendy and the Ink Machine™
638965135,Descenders
1975260133,Stories: The Path of Destinies
2068868707,Hell Warders
1732740414,Wargroove
20605635,The Surge
21230315,Genesis Alpha One
903306295,Shining Resonance Refrain
2081550099,Velocity G
1013969466,NARUTO TO BORUTO: SHINOBI STRIKER
566120507,RIOT - Civil Runrest
494547531,Mining Rail
1002820120,Youtubers Life - OMG Edition
655312805,Desert Child
46350781,Animal Super Squad
1631182073,Mulletman and the Molemen
1653423732,Party Jousting
332913499,Fallout 76
474535578,WARRIORS OROCHI 4
82653045,Starlink: Battle for Atlas
1715349030,Asphalt 9
25952469,Kingdom Two Crowns
416597888,Hungry Shark® World
1937457147,Mutant Year Zero: Road To Eden
319764672,BELOW
1762910874,I Am Hero
290341563,Revolve
687339341,Brawlhalla
1958827848,Eternal Card Game
1657880578,#WarGames
111054861,Coffee Crisis
537132957,Iron Wings
199170438,MOTHERGUNSHIP
846450581,Hyper Universe
995095203,Warface
149623797,Time Recoil
731662901,Monster Energy Supercross - The Official Videogame
341687485,3on3 FreeStyle
52620879,Scribblenauts Showdown
91967131,Dimension Drive
778803087,Spacelords
984363462,Graveyard Keeper
791051466,Disneyland Adventures
193196495,Robocraft Infinity
1047413393,TERA
884612576,Sonic Mania
772540041,Next Up Hero
518483923,The Infectious Madness of Doctor Dekker
975783814,Gekido Kintaro's Revenge
210837982,Masters of Anima
419349778,Defiance 2050
688529719,STAY
352829845,OK K.O.! Let's Play Heroes
3462787,Disco Dodgeball - REMIX
1018418364,JYDGE
739464821,South Park™: The Fractured but Whole™
831224608,Need for Speed™ Payback
2038958977,Hand of Fate 2
93901068,Ruiner
1708649485,W.O.R.L.D.S: Win Own Reinvent Live Discover Sim
682404126,Paladins
56112755,Defender's Quest: Valley of the Forgotten DX
186907511,The Metronomicon: Slay the Dance Floor
484274489,Hammerwatch
933693396,ŌKAMI HD
263635664,AeternoBlade
1064538690,Air Missions: HIND
903593533,Path of Exile
350075261,Marvel Heroes Omega
671807457,Portal Knights
644829211,Turok 2: Seeds of Evil
701037441,Age of Wonders: Planetfall
735446928,LOST ORBIT: Terminal Velocity Edition
1726756158,Spiritfarer
2076732337,Necromunda: Hired Gun
1812286558,Crown Trick
2041914938,Nuclear Throne
2024145056,The Artful Escape
2033311254,Arrest of a stone Buddha
1642353875,Craftopia
1872936107,Cobra Kai: The Karate Kid Saga Continues
1757844217,Islanders
1857914892,Boyfriend Dungeon
1860238573,Cardaclysm: Shards of the Four
1851163040,Immortal Planet
1736384528,Ben 10: Power Trip
1867295360,Monster Sanctuary
412423425,SWORD ART ONLINE Alicization Lycoris
2007283473,Recompile
1763638559,Crash Drive 3
1937850928,MouseBot: Escape from CatLab
1925242158,Library Of Ruina
1769300522,Last Stop
1991000217,Flowlines VS.
2016414001,Goroons
2142309066,WWE 2K Battlegrounds
2002613703,Lethal League Blaze
1676268108,Trollhunters: Defenders of Arcadia
1619256516,Cave Digger
1656463781,Genetic Disaster
2025852578,Tools Up!
1798310078,Q-YO Blaster
1625301419,Within the Blade
1881981363,Effie
1900437211,Indigo 7 Quest of love
1914646696,Curse of the Dead Gods
912832008,WRC 7 FIA World Rally Championship
1624072675,Speed 3: Grand Prix
2017702583,Dauntless
1908509778,Galaxy Champions TV
1770092694,Going Under
1631055981,Worms Rumble
837917131,Deep Rock Galactic
1718892809,Knockout City™
1134837784,SMITE
1688839217,The Elder Scrolls V: Skyrim Special Edition (PC)
1791400679,Yakuza: Like a Dragon
147604411,Dungeons 3
1722525153,Tank Brawl 2: Armor Fury
1964043658,Mafia II: Definitive Edition
1819891958,Space Otter Charlie
1924130173,Haven
1651981610,The Bluecoats - North & South Remaster
1985624416,Dark Nights with Poe and Munro
2125426064,Heavy Metal Machines
84790147,Watch Dogs: Legion
2094867598,XIII Remaster
2060146885,Unspottable
1997028646,Strike Force 2 - Terrorist Hunt
1734028375,Sin Slayers: Enhanced Edition
1698038870,Savage Halloween
2034956980,Warface: Breakout
1698796012,Bloons TD 6
1744726864,Enlisted
2021405472,Nickelodeon Kart Racers 2
1706812340,SturmFront - The Mutant War: Ubel Edition
1616046491,Gears Tactics
1953589006,Yakuza 0
1759805434,Narita Boy
1989291815,Supraland (Win 10)
1964791683,Vampire's Fall Origins
1644577583,Ion Fury
2050863486,Explosionade DX
880657099,Chronos
226054795,MONSTER HUNTER: WORLD™
1846694005,Akuto: Showdown
1678730360,Mail Mole
2085071304,Rover Wars : Battle for Mars
1882004205,Neon Abyss
1743190534,Speed Limit
2092629582,Killer Queen Black
1949523812,Override 2
1773068328,Rodent Warriors
2105009589,Outbreak: Lost Hope Definitive Edition
1038499153,A Hat in Time
1884451202,Grood
1987951399,Lonely Mountains: Downhill
1683639722,Get 10 Quest
914276891,RAGE 2
1610985256,Torchlight III
1798008930,Bartlow's Dread Machine
103629720,V-Rally 4
1693450318,Hunt: Showdown
2116409537,Yu-Gi-Oh! Legacy of the Duelist: Link Evolution
2076990545,Teratopia
2117633627,Quiplash 2 InterLASHional
1703518315,Neoverse
2100806769,Duck Life Adventure
1702750733,Huntdown
1959321814,CUBERS: ARENA
1768097848,Carto (Win 10)
1880707155,G.I. Joe: Operation Blackout
1781365913,Monster Train
2119786310,Gleamlight
2007366287,Welcome To Elk
1739676808,Police Chase
1968761430,Steampunk Tower 2
2035057372,Yes-Your Grace
1997252569,Need for Speed Hot Pursuit Remastered
1894632879,Shoot 1UP DX
2104061721,Lovecraft's Untold Stories
2058217211,Dread Nautical
1695618656,Book of Demons
1935756532,Star Renegades WIN10
2042119715,Star Renegades
1625265143,MageQuit
2000779427,Cryogear
648298719,Warhammer: Chaosbane
1813313277,Knights and Bikes
1652981346,ScourgeBringer
1626294633,Switch 'N' Shoot
1682735559,9 Monkeys of Shaolin
2054602409,The Persistence
2093604131,Unruly Heroes
344311848,For The King
1685466605,Commander ’85
974041664,Fade to Silence
1839740207,Supraland
1867897848,Assault On Metaltron
1869923276,Katana Zero XB1
1627000312,Ikenfell
1622218170,Street Outlaws
1944856133,THE LAST SCAPE
2003057356,Area 86
1979761321,Talking Tom Candy Run
1721217822,Drake Hollow
1916618155,Quest Hunter
1833320889,Cyber Protocol
1857868016,Perfect Traffic Simulator
1919133963,Praetorians - HD Remaster
2056823935,Bounty Battle
2016020537,Everreach: Project Eden
1784134484,Dog Duty
1702524932,Power Rangers: Battle for the Grid
1996027459,Educational Games for Kids (for Xbox)
2117776820,UnderMine
1876184528,Windscape
1805568255,Trailmakers
1711534896,Roundguard
1038862451,Hyperscape
1692217533,Stones of the Revenant
1915865634,Nowhere Prophet
491582364,Need for Speed™ Heat
1717828260,Bloodstained: Curse of the Moon 2
2049412372,Night Call
1676799970,Spartan Fist
2144997626,West of Dead
1794639484,WARTILE
400632601,Ninja Shodown
1918176431,Braveland Trilogy
1841294814,Project Warlock
607267025,N++
1940198155,Headliner: NoviNews
758563081,Horizon Chase Turbo
571156610,Earthfall
2037675910,Ultimate Ski Jumping 2020
618537566,The Outer Worlds
2114859567,Reverse Crawl
2140165399,Regions of Ruin
1901019717,Shaolin vs Wutang
1942890638,Gift of Parthax
2146751396,Skelly Selest
2010979464,Duke of Defense
1859036976,Infinite Beyond the Mind
2121565894,Crawlers and Brawlers
1866535801,Black Paradox
774459605,Flashback
2008175655,Knights of Pen and Paper +1 Deluxier Edition
1880766379,Stranded Sails - Explorers of the Cursed Islands
721089814,Mercenary Kings
1674517129,Knights of Pen & Paper 2 Deluxiest Edition
943719970,GRID
1952293824,Flutter Bombs
2097032200,Cook-Serve-Delicious! 2!!
754515329,AngerForce: Reloaded
784003877,Agents vs Villain
1930253483,ACA NEOGEO Money Puzzle Exchanger
2001080469,Mars: Chaos Menace
1951858060,Vosaria: Lair of the Forgotten
1892426142,Deponia Doomsday
212680242,DEAD OR ALIVE 6: Core Fighters
2043833523,Nippon Marathon
1816942618,ACA NEOGEO RIDING HERO
1767858132,RemiLore
141638183,DreamWorks Dragons Dawn of New Riders
1871819472,Yonder: The Cloud Catcher Chronicles
1950827622,Treasure Stack
2083214663,Almost There: The Platformer
2012454608,ACA NEOGEO TOP PLAYER’S GOLF
971220532,NBA 2K Playgrounds 2
1838321370,Ages of Mages: The last keeper
378040902,Salt and Sanctuary
911650903,Evoland Legendary Edition
1008004246,Steamroll
322959720,Smoke And Sacrifice
1800950858,StickType
1655169070,Boss 101
1652583920,Odium to the Core
273290529,Idle Champions of the Forgotten Realms
1938102722,ACA NEOGEO GHOST PILOTS
858859839,Catastronauts
1808857974,On A Roll 3D
1887147246,ACA NEOGEO SENGOKU 3
821527019,死印
2109036777,Floor Kids
1802005257,Chronus Arc
2030947936,The Last Door: Season 2 Collector's Edition
1688198598,ACA NEOGEO BLAZING STAR
866155904,RAZED
2145471987,My Memory of Us
121960285,Guts & Glory
609835635,The MISSING: J.J. Macfield and the Island of Memories
523468027,Mega Man 11
440973859,Fossil Hunters
215134312,Dandara
118591686,ONRUSH™
2082943224,Lichtspee: Double Speer Edition
585188640,Aces of the Luftwaffe - Squadron
1970352660,Tee Time Golf
359105514,Shift Quantum
134781024,Grab the Bottle
406910760,Fear Effect Sedna
1612005377,Zazmo Arcade Pack
810101074,Dead Cells
178127013,Danger Zone 2
1968900621,ACA NEOGEO MUTATION NATION
83162889,Candle: The Power of the Flame
843167706,The Invisible Hours
368677223,DYE
563485628,War Planet Online: Global Conquest
417616555,Magical Brickout
1745554488,ACA NEOGEO PUZZLED
1978162500,ACA NEOGEO MAGICAL DROP II
1069849932,Quantic Pinball
1069677406,The Raven Remastered
1810257659,Overdriven Reloaded: Special Edition
2137538060,Little Triangle
1926157525,God of Light: Remastered
1979494676,ACA NEOGEO KING OF THE MONSTERS
1784389929,Raining Blobs
1634336034,ACA NEOGEO NEO TURF MASTERS
1606375163,Pinball FX3
689916261,Warhammer 40000: Inquisitor - Martyr
723253592,Rebound Dodgeball Evolved
1045960524,Metro Exodus
1725147420,Lost Ember
1741114585,Hive Jump
1812456871,Battletoads
1829892926,LEGRAND LEGACY: Tale of the Fatebounds
1878915001,SnowRunner
1993427193,Hexagroove: Tactical DJ
2089745138,TRANSFORMERS: BATTLEGROUNDS
2135476507,Doughlings: Invasion
1862035245,namcot collection VOL.2_Base Game
838746653,Phoenix Wright: Ace Attorney Trilogy
2063810986,Solitaire TriPeaks Flowers
1743311963,Sam & Max Save the World
1726193820,Legend of the Tetrarchs
1949676989,Tanknarok
1972410679,Blaze and the Monster Machines
1944807356,Twelve Minutes
1877455960,art of rally
1647566775,CD-RUN
1951058598,Weapon of Choice DX
1665026867,Golf Club: Wasteland
1848301012,Flaskoman
1939634325,Action Arcade Wrestling
2091194104,Wreckfest
1763122581,Stranger Things 3: The Game
1710760519,Off And On Again
2063752537,Drone Gladiator (for Windows 10)
1687910025,Mahjong by Microsoft
1823452826,Dodgeball Academia
1855217179,Golf With Your Friends
1898064663,It Lurks Below
2045560230,LIMBO
1866582061,Pushy and Pully in Blockland
2041185325,Flatland Vol.2
2041763016,CrossCode
2008114824,Microsoft Number Puzzle
1824003155,Family Feud
1748082203,Trenga Unlimited
283303390,Wreckfest
1954375706,Bitmaster
2092946250,The Wild at Heart
1841011808,Blizzard® Arcade Collection
1727273780,Observation
1802600743,Capcom Arcade Stadium
1638973441,Human Fall Flat
2061421502,Karma. Incarnation 1
2143076844,Jay and Silent Bob - Mall Brawl
2058625575,Sure Footing
1848088335,Subnautica: Below Zero
1804966091,Forager
131518145,KINGDOM HEARTS Ⅲ
1718697574,OCTOPATH TRAVELER
1873163708,Narita Boy
1713029347,Tennis World Tour 2 - Scarlett
2010249480,Rip Them Off
1755179727,Grim Fandango Remastered
1766988078,Morkredd
382896606,Desperados III
1947911457,VA-11 Hall-A: Cyberpunk Bartender Action
2070086965,Desperados III
1896010657,Cyber Shadow
1973165271,Eastshade
1839607296,The Surge 2 - Windows 10
2026577202,Unto the End
1660733075,Metro Exodus (Windows)
1851310927,Who Wants to Be a Millionaire?
2089740731,Metro: Last Light Redux
600509688,Thumper
1748769487,The Jackbox Party Pack 6
338690930,Forgotton Anne
1969444828,Clan N
1850945804,Age of Empires III: Definitive Edition
1865118354,GONNER2
1986217968,I-AI
1790217657,Five Nights at Freddy's 4
1761882488,Towaga: Among Shadows
1629278465,Kid Tripp
285358298,Mortal Kombat 11
1613695074,Five Nights at Freddy's 3
1623383424,Evergate
2046117680,Wer weiß denn sowas? - Das Spiel
1728105232,Assassin's Creed Valhalla
1720914268,Street Racer Underground
1703086168,Microsoft Sudoku
1728510344,Twin Breaker: A Sacred Symbols Adventure
1843310813,Afterparty
1676847362,Tobuscus Adventures: Wizards
1761788696,Tennis World Tour 2
1646140981,Double Kick Heroes
1716433734,Saints Row IV: Re-Elected
2005154977,Children of Morta
1994822207,Deleveled
1952969635,Party Hard 2
1889321756,Microsoft Minesweeper
1989637637,Cooking Simulator
2006710939,Skater XL
2003863742,Microsoft Jigsaw
555542903,Yoku's Island Express
1922994269,Linn: Path of Orchards
1891258006,The Bard's Tale: Remastered and Resnarkled
2000011414,Starlit Adventures
2000128121,Lunch A Palooza
252379691,Disintegration
1712038382,Mystery Mine
1758146600,Escape From Tethys
1693393910,Othercide
1832768277,The Ambassador
1964788774, Ultimate Fishing Simulator
1711563707,House Flipper
1977013516,Radical Rabbit Stew
423441812,Ashes Cricket
1757128615,#Funtime
1933718863, SUPERHOT: MIND CONTROL DELETE
1666801480,Dunk Lords
2141648684,Edna & Harvey: The Breakout - Anniversary Edition
1865781815,One Dog Story
1997384281,Rigid Force Redux
1627145602,Sisters Royale: Five Sisters Under Fire
1837258106,VASARA Collection
1626267222,Double Dragon 4
1906609238,VASARA Collection
1879960829,Arcade Spirits
1932565641,Pikuniku
2113285802,PONG Quest
2075242813,One More Dungeon
1757277224,Super Mega Space Blaster Special Turbo
1595954,DRAGON BALL FIGHTERZ
415655737,Kunio-kun: The World Classics Collection
1997023214,FINAL FANTASY IX
2008811924,Wolfenstein II: The New Colossus
1869326478,Kunio-kun's Nekketsu Soccoer League
2003594594,Surprise! Nekketsu New Records! The Distant Gold Medal
1805345431,Go-Go! Nekketsu Hockey Club Slip-and-Slide Madness
1682273028,Downtown Special Kunio-kun's Historical Period Drama!
2088097646,Downtown Nekketsu March Super-Awesome Field Day!
1821772596,DEMON'S TILT
1644860924,Gato Roboto
1978204673,Full Metal Furies
2139570900,Nekketsu High School Dodgeball Club
1727613823,Overcooked! 2
1805003112,Prey
2087926896,Freedom Finger
1861858143,Wolfenstein: Youngblood - PC
1929508962,Vampyr
1756584367,The Mosaic
1685342709,Timespinner
2020176886,Shenmue I & II
1624643031,Ritual: Crown of Horns
1798309304,Hayfever
1881526368,One Finger Death Punch 2
1809365330,Let's Sing 2020 Hits Français et Internationaux
1747564672,Microsoft Treasure Hunt
1617811156,The Adventures of 00 Dilly®
1866825187,Super Monkey Ball Banana Blitz HD
1798477678,AO International Tennis 2
1861455088,Spaceland
307808103,Pro Fishing Simulator
1824513011,COLINA: Legacy
1619226313,Sky Rogue
2059289856,DOT SHIFTERS
1935779345,HyperDot
1998994208,Monster Energy Supercross 3
2012020291,Mitsurugi Kamui Hikae
830718665,DRAGON BALL Z: KAKAROT
1670916141,Forgotton Anne
1825036772,Gunvolt Chronicles: Luminous Avenger iX
601717133,TwinCop
1895847672,Natsuki Chronicles
2022727062,oOo: Ascension
1724606671,Animal Friends Adventure
2075732193,Hovership Havoc
1851655801,Metaloid: Origin
1949426934,AVICII Invector
2088601240,Rift Keeper
1635445457,Oniken: Unstoppable Edition
1741967313,Edna & Harvey: Harvey´s New Eyes
705006443,Jurassic World Evolution
1770850144,ACA NEOGEO BASEBALL STARS 2 for Windows
2113194722,Eternum Ex'
504085184,The Crew® 2 Standard Edition
757817533,PRO EVOLUTION SOCCER 2019
909545209,Ashen
819720203,JUMP FORCE
1951298086,Dead End Job
1859436735,Please Don't Touch Anything
490460723,Arise
189808036,American Fugitive
82367207,Farmer's Dynasty
2024847837,Bee Simulator
545851415,All-Star Fruit Racing
75584766,Trine 4: The Nightmare Prince
1691955008,TOKI Juju Densetsu
1022548859,Truck Driver
225007476,Team Sonic Racing™
2019891659,Story of a Gladiator
2000371555,Super Dodgeball Beats
2066532210,Subaracity
1727373196,STAY COOL KOBAYASHI-SAN!: A RIVER CITY RANSOM STORY
1622859130,Valfaris
1722439253,The Penguin Factory
2027192082,The Surge
2837772,Arcade Islands: Volume One
1927699557,The Bradwell Conspiracy
1764831145,Tokyo Warfare Turbo
1779648042,Alwa's Awakening
1926352092,PBA Pro Bowling
2125974437,Door Kickers: Action Squad
1987803377,Cat Quest II
2035310047,Kine
2097162038,Driven Out
1820138534,Lost Artifacts: Time Machine
1907924307,Stela
1795484190,Pig Eat Ball
2135799767,STELLATUM
1990927330,Debris Infinity
870299798,Carnival Games®
369157937,Marvel vs. Capcom: Infinite
1803118690,ACA NEOGEO KING OF THE MONSTERS 2 for Windows
1944707563,ACA NEOGEO STAKES WINNER 2 for Windows
2091418992,ACA NEOGEO THRASH RALLY for Windows
2121102512,ACA NEOGEO ZUPAPA! for Windows
1785402778,FINAL FANTASY XV POCKET EDITION
1669006511,ACA NEOGEO CYBER-LIP for Windows
1790154846,Heart Box
2058835040,The Z Axis: Continuum
1800744595,ACA NEOGEO CROSSED SWORDS for Windows
880418401,AO Tennis
1628655423,Play the Show
1705868586,Dangerous Driving
2085925765,ACA NEOGEO PREHISTORIC ISLE 2 for Windows
1918876063,ACA NEOGEO LEAGUE BOWLING for Windows
1690272430,Regalia: Of Men and Monarchs - Royal Edition
428173642,The Walking Dead: The Final Season
1973635123,Mad Streets
2139029288,Space Station Sprint
1885975476,Alphaset by POWGI
1997201494,Aliens: Fireteam Elite
2115269293,Panzer Dragoon: Remake
1777299042,Endless Fables: Shadow Within
1618795137,Darker Skies
1709625152,Minigolf Tour
2129836595,IIN
1937919291,Mythic Ocean
1873419207,Checkers for Kids
1949492588,Paradise Lost
1785006490,Lost Words: Beyond the Page
2078887234,Doctor Who: The Lonely Assassins
2117611014,Gallic Wars: Battle Simulator
1987587652,Overcooked! All You Can Eat
1899791468,The Last Rolling Hero
1633443419,Crimson Spires
1991248961,PHOGS!
1711246316,Cuccchi
1940517812,Night Book
1637686590,Enter Digiton
1716000526,Where the Snow Settles
1661176840,Long Ago: A Puzzle Tale
2051640476,Raji: An Ancient Epiс
1710837755,Wizodd
2102420520,The Strange Story Of Brian Fisher: Chapter 1
1838347207,Gaps by POWGI
1885512677,Ice Cream Surfer
1989445813,Knight Squad 2
1795422557,Lost Grimoires 3: The Forgotten Well (Xbox Version)
1909279725,The Procession to Calvary
1805770178,PAW Patrol Mighty Pups Save Adventure Bay
1871105054,TY the Tasmanian Tiger HD
627891457,Little Nightmares II
1817202060,Alba: A Wildlife Adventure
1812793649,Super Soccer Blast: America vs Europe
1880213026,Family Mysteries 3: Criminal Mindset (Xbox Version)
1841822482,Asterix & Obelix XXL 3
1931279822,Eight Dragons
1614240330,Baldur's Gate: Dark Alliance
2106037555,Orbital Racer
2049402208,WarDogs: Red's Return
2019592943,Tesla Force
2054716369,It Takes Two
1957535525,Moon Raider
1769809772,Royal Tower Defense
2120838775,Demon Hunter: Revelation (Xbox Version)
1915622580,Ord
1939859673,Skyland: Heart of the Mountain (Xbox Version)
1811972603,Doodle Devil: 3volution
2007728129,Gangsta Paradise
1839042977,Chess Knights: Viking Lands
1655310402,SELF: Where's my father
3469638,Degrees of Separation
1733662238,Endurance: Space Action
1891846298,Knight's Retreat
1678552815,Mahjong Adventure DX
1751313192,Persian Nights 2: The Moonlight Veil (Xbox Version)
1816261166,Super Sports Blast
1942534686,Habroxia 2
1859095666,Hyposphere: Rebirth
1758816552,Car Demolition Clicker
2054032545,Iris Fall
1736333412,The Last DeadEnd
1697386135,Chicken Police - Paint it RED!
2079588618,The Last Campfire
1964417553,Word Sudoku by POWGI
2121432568,Tiny Hands Adventure
1788708666,Carto
1873652790,Drunken Fist
1837745362,When the Past was Around
1866950192,Shady Part of Me
1826577300,Roundout by POWGI
1924295407,Paw Paw Paw
1865197952,Boomerang Fu
1892264234,We should talk.
2102487155,Escape Game Fort Boyard
1931098335,Five Dates
1835851520,Bewitched: Chapter One
1740159483,One Word by POWGI
1767674924,Persephone
1740172423,Totally Reliable Delivery Service
1995236963,Rainswept
2104502032,Stories Untold
1819785466,Beat Me!
1953292667,Star99
1652872616,Memoranda
1717234675,Draugen
1622504987,Family Mysteries 2: Echoes of Tomorrow (Xbox One Version)
1618662965,Garfield Kart Remaster
1917350477,Mars Power Industries Deluxe
1926405394,Friday the 13th: Killer Puzzle
1672045983,Feather
1717113201,Sea of Thieves
5117102,HITMAN™ 2
1740009713,Clumsy Rush
671675837,GRIP
1858676952,Mask of Mists
1687542728,Family Mysteries: Poisonous Promises (Xbox One Version)
1799915031,Horde Of Plenty
340271216,PLANET ALPHA
1799391615,Endless Fables: Dark Moor (Xbox One Version)
1810660315,Nekketsu! Street Basketball All-Out Dunk Heroes
1754131976,A Fold Apart
1824777308,Telling Lies
1708138487,Super Toy Cars 2
1814475633,Archaica: The Path Of Light
1866183116,Ghost Files: Memory of a Crime (Xbox One Version)
1824661800,Downtown Nekketsu Story
1639995109,The Dark Crystal: Age of Resistance Tactics
1890557199,Nekketsu High School Dodgeball Club - Soccoer Story
1879591363,Freakout: Calamity TV Show
944228222,Journey to the Savage Planet
1691092579,Baron: Fur Is Gonna Fly
1645809691,Glaive: Brick Breaker
65384566,Jumanji
1755599316,Age of Empires Definitive Edition
1850656526,The Sojourn
1671676860,Snakeybus
1868247544,Gigantosaurus The Game
1847538028,The Secret Order: Shadow Breach (Xbox One Version)
1802779336,Uncharted Tides: Port Royal (Xbox One Version)
1809324484,Sole
474501413,RIDE 3
1837663768,DreamBall
939615894,Paw Patrol: On a Roll
591141110,Narcos: Rise of the Cartels
1828954590,Spider Solitaire F
1670160457,Gaijin Charenji 1 : Kiss or Kill
1777903168,Clocker
823524527,UglyDolls: An Imperfect Adventure
1926182660,Redeemer Enhanced Edition
1906078054,TERMINATOR: RESISTANCE
1907892230,Dreamwalker: Never Fall Asleep (Xbox One Version)
1788626737,GOLAZO
1720462396,Scarlett Mysteries: Cursed Child (Xbox One Version)
1847786076,ACA NEOGEO METAL SLUG 5 for Windows
299988825,Ice Age: Scrat's Nutty Adventure
1853020483,Draw a Stickman: EPIC 2 Xbox
1776750293,Active Soccer 2019
1789981590,ACA NEOGEO TWINKLE STAR SPRITES for Windows
1865601871,Agent A: A puzzle in disguise
552332062,Black Mirror
1611876144,Queen's Quest 4: Sacred Truce (Xbox One Version)
1831887873,ACA NEOGEO NEO GEO CUP '98: THE ROAD TO THE VICTORY for Windows
1788936172,We Were Here Too
1670858085,Sally’s Law
749311689,Plants vs. Zombies: Battle for Neighborville™
1902503932,ACA NEOGEO THE KING OF FIGHTERS 2002 for Windows
1833088881,ACA NEOGEO RAGNAGARD for Windows
1669161378,Path of Sin: Greed (Xbox One Version)
515933320,Elea - Episode 1
1926705310,Goodbye Deponia
1678270415,Farm Together
857446909,Chaos on Deponia
1717172856,Another Sight
1701185401,ACA NEOGEO AGGRESSORS OF DARK KOMBAT for Windows
1735946683,Royal Assault
1628468632,Super Tennis Blast
1914281401,Super Volley Blast
476517807,Gravel
12734978,Asterix & Obelix XXL 2
1863141182,ACA NEOGEO WAKU WAKU 7
255325426,The Grand Tour Game
1690207976,Modern Tales: Age of Invention (Xbox One Version)
1641460880,ACA NEOGEO SAMURAI SHODOWN IV
303522429,At Sundown: Shots in the Dark
803175056,MXGP PRO
1803066610,Rally Racers
903098188,Strange Brigade
690974671,King's Heir: Rise to the Throne (Xbox One Version)
284212046,MotoGP™18
1628599213,Doodle Mafia: Crime City
868315097,Gem Smashers
383075131,Heavy Fire: Red Shadow
720192428,Bud Spencer & Terence Hill - Slaps And Beans
87240795,Tyler: Model 005
1922451592,King's Guard TD
711335666,Gene Rain
1070294157,The Spectrum Retreat
798157111,State of Anarchy: Master of Mayhem
792180643,Persian Nights: Sands of Wonders
178797566,Doughlings: Arcade
1857836962,ACA NEOGEO ROBO ARMY
217420079,Maximum Football 2018
822567888,Danger Zone
1810603436,ACA NEOGEO REAL BOUT FATAL FURY
783532113,Wheelspin Frenzy
155936527,Street Fighter 30th Anniversary Collection
1701200455,ACA NEOGEO 2020 SUPER BASEBALL
373947424,Grim Legends 3: The Dark City
1068137475,Enigmatis 3: The Shadow of Karkhala
143801344,Fumiko!
1789607751,Tiles
175365432,Nightmares from the Deep 3: Davy Jones
386153688,FLYING TIGERS: SHADOWS OVER CHINA
654631320,Dustoff Heli Rescue 2
1790138032,ACA NEOGEO WORLD HEROES
189853082,Rogue Trooper Redux
1716144881,ACA NEOGEO ART OF FIGHTING
1718478232,ACA NEOGEO FATAL FURY
765558687,Lost Grimoires 2: Shard of Mystery
945976112,Rush: A DisneyPixar Adventure
194041984,Maria The Witch
1628737049,Childs Sight
1841290462,Dark Alliance
1681906584,From Earth to Heaven
1729593698,Omno
1843641391,Quake
1889880451,FFXIII
1860384361,A Day Without Me
1715085609,LoveChoice
1877753829,Virtuous Western
1790216132,Hades
1745314691,Psychonauts 2
1874376911,Splitgate
374923716,Gears 5
1731520158,Myst
1639144264,M.A.C.E. Space Shooter
1617379046,Zoffice
1787141551,Escape Sequence (for Windows 10)
1652829137,Mushroom Savior (For Windows 10)
1637937789,Orbibot
1718503808,Life of Fly 2
1899784772,Rogue Explorer
1653694302,FINAL FANTASY VIII Remastered WINDOWS EDITION
524859112,Darksiders III
1907546980,Barry the Bunny
1911275658,MyMaitê
1724648822,Untitled Darkness
1678904526,Bone Marrow Console Edition
1675466746,Solos
1684613875,HORROR TALES: The Wine
1678390358,Mushroom Savior
836165876,The Ascent
1915734131,Lost At Sea
1773043121,inbento
1739375565,Minecraft Dungeons
1873340642,Sig.NULL
1908871844,Bunny Parking
49709880,Anthem™
1923029019,Freddy Spaghetti 2
1898092029,Inops
1832476204,Radon Blast
1884016246,Sig.NULL (for Windows 10)
1694250070,Super Animal Royale
1726196768,The Touryst
1007715169,Warhammer: Vermintide 2
1733215481,Race with Ryan
1785385145,Rock of Ages 3: Make & Break
1730368869,Bloodroots
1919541930,Dark Grim Mariupolis
1646985614,Space Jam: A New Legacy - The Game
1694926512,Akinofa
1618115231,Bullet Beat
1793764669,Zombie Army 4 - Dead War
1694362955,Bai Qu: Hundreds of Melodies
1637601167,Nexoria: Dungeon Rogue Heroes
1669104291,Blitz Breaker
1736697479,Smart Moves
1897447749,ReactorX
1633674805,Butterfly (for Windows 10)
2078016900,Bullet Beat
1762067709,Butterfly 2 (for Windows 10)
1986689469,Castle of no Escape 2
1770238303,Smart Moves 2 (for Windows 10)
890454034,The Dark Pictures Anthology: Man Of Medan
1706976503,Super Destronaut DX-2
1773956150,Synchro Hedgehogs (for Windows 10)
1921935939,Synchro Hedgehogs
1786573857,Smart Moves 2
1776785850,Arkan: The dog adventurer
1768344349,Mina & Michi
1695141626,Lucasfilm Classic Games: Zombies Ate My Neighbors & Ghoul Patrol
1802991132,Loopindex
1754337118,The King's Bird
1671113577,Chess Knights: Shinobi
1751266892,Farm Frenzy: Refreshed
1745918155,Mixups by POWGI
1742041321,Sable's Grimoire
1871702552,Mount & Blade: Warband PC
1890581353,Blasphemous
1710204513,Four Kings: Video Poker
939695563,Hotshot Racing
521893123,ONE PIECE World Seeker
1710719518,Dungeon Escape: Console Edition
2123860928,Destroy All Humans
1785266369,AntVentor
1634482046,Super Arcade Soccer 2021
1789832958,A Little Lily Princess
1712220535,Crossbow Crusade
1841866029,Super Bomberman R Online
21471625,Torchlight 2
1717710701,Techno Tanks
1748114593,Before I Forget
1657592195,Gutwhale
1612654361,0 Degrees
1892537035,Angels with Scaly Wings
1836594113,Bear With Me: The Lost Robots
1819717980,Dull Grey
1890032211,Infestor
1799902883,Rift Racoon
1820440136,Rabisco+
1857651157,Brawl Chess
1904355931,Sayonara Wild Hearts
802418004,RESIDENT EVIL RESISTANCE
152270586,FINAL FANTASY XII THE ZODIAC AGE
1710716754,Crypto by POWGI
1948147176,Moving Out
1820522912,The Skylia Prophecy
1673787135,Rain on Your Parade
1069384604,Home Sweet Home
1668408788,Ravensword: Shadowlands - Xbox One Edition
1810704057,Heal: Console Edition
1927446686,Kingdom of Arcadia
1679589975,Mortal Shell
1647070017,Yoko & Yuki: Dr. Rat's Revenge
717702870,Outriders
531437752,Rogue Company
1660320477,Famima
1780184182,Clea 2
1823836835,Acalesia
1644028139,Pillars of Eternity 2 - PC
1867425405,Evil Inside
1781463671,Spirit Arena
1911932812,DIRT 5
1659893240,Hellbreachers
1679509385,Kill It With Fire
1891013041,Sumatra: Fate of Yandi
1916512352,Astrologaster
1748963818,Warrior Boy Xbox
1741623548,Under Leaves
1628797310,Dreaming Sarah
268499227,Eventide 3: Legacy of Legends
1808224088,Cave Bad
1615800494,Stunt Kite Party
1881441406,Active Neurons 3 - Wonders Of The World
1911531366,Life of Fly
1659192294,Aery - A Journey Beyond Time
34441781,Saints Row®: The Third™ Remastered
1792973243,Boom Blaster
1860032551,Caves and Castles: Underworld
1664766972,Void Gore
303799945,Nickelodeon: Kart Racers
1882519040,UltraGoodness 2
1704782946,How to take off your Mask Remaster
1880907442,Super Soccer Blast
1850599983,Roombo: First Blood
1772875348,Outbreak: The Nightmare Chronicles Definitive Edition
1774669257,Oneiros
1629612470,Outbreak: Epidemic Definitive Edition
2107339353,Control PCGP
1725517776,Glittering Sword
1781344339,Control - Xbox Series X
1781023780,The Medium
1740970769,Project Starship X
1690071668,Freddy Spaghetti
756981192,Borderlands®3
1721889204,Call of The Sea W10
680942588,STAR WARS Jedi: Fallen Order™
1805105433,Skycadia
1898753130,﻿Loot Hero DX
1657986766,KAUIL’S TREASURE
1859601917,Spellbreak
427070178,FINAL FANTASY X/X-2 HD Remaster
629270283,Gang Beasts
1611656661,Starbound
1953182469,DRAGON QUEST XI S: Echoes of an Elusive Age – Definitive Edition
1702244274,Autumn's Journey
23963413,Mega Man Zero/ZX Legacy Collection
1915757611,Vampire: The Masquerade - Shadows of New York
1804098370,Swimsanity!
548623535,SpongeBob SquarePants: Battle for Bikini Bottom - Rehydrated
1885218661,BFF or Die
1870222133,Get Over Here
1886894987,More Dark
1629043783,River City Girls
1663499633,Mushroom Quest
1746503914,Aborigenus
1985336824,Micetopia
1890622702,Pixel Gladiator
1642117382,Lost Artifacts: Golden Island
1962688125,The Messenger
1991539413,The Messenger
1616852724,Full Throttle Remastered
2139071220,Vera Blanc: Full Moon
1798400755,Pathologic 2
2067110068,Bright Memory
1904590412,Cold Silence
1869817076,Dead Dungeon for Windows 10
1872065352,Dead Dungeon
1761955784,Dark Sauce
2102421406,Day of the Tentacle Remastered
482654991,The Mummy Demastered
1805427680,AXES
1699062321,GONNER2
1883232264,STAR WARS™ Episode I Racer
1642253259,The Language Of Love
2141778943,Xeno Crisis
1842701810,The Blobs Fight!
1984954469,CrossKrush
1891728216,Lord of the Сlick
1989351144,Two Parsecs From Earth
1831044495,Brotherhood United
1733855657,Tech Glitch
2067583919,Aery - Sky Castle
308654313,Overcooked! 2
1699783391,Seasons of the Samurai
1612130640,Tcheco in the Castle of Lucio
2044361342,Reflection of Mine
1690514608,Skatemasta Tcheco
1799525101,Swordbreaker The Game
1709573089,Birthday of Midnight
1648049613,An Evil Existence
2044796053,Jet Set Knights
1677004965,FINAL FANTASY VII
2043302400,Active Neurons 2
2120787743,Roommates Visual Novel
2043738831,Johnny Rocket
1716307053,Tamiku
1718545023,Sunset Overdrive
1936930219,Tell Me Why
1869632471,Monster Blast
1641758497,Golf Zero
1716484580,Potata: fairy flower
1760551143,Touhou Luna Nights
1781996402,Batu ta Batu
1718047845,Tannenberg
2125030606,She Sees Red
1962597286,Rusty Gun
2100783658,Even the Ocean
1706896876,A HERO AND A GARDEN
850118036,Generation Zero®
1805903409,Daymare: 1998
2072898460,Norman's Great Illusion
1900564739,New Super Lucky's Tale
2048825105,Goosebumps Dead of Night
1975660956,Of Tanks and Demons III
420309331,BIOHAZARD RE:3 Z Version
1628746110,Zero Strain
1974279589,Prehistoric Dude
367230746,Darksiders Genesis
655591242,Far Cry® New Dawn
1856726040,Mr. Massagy: Mayo Edition
1937996780,HardCube
1713862219,Swim Out
2134081246,Aery - Broken Memories
2009472127,RogueCube
1767988502,Lost Wing
2093066399,Carrion
1793054097,Carrion Win10
1768499765,112th Seed
1920770735,Nicole
1644377505,Allison's Diary: Rebirth
1622916447,Liquid Sunshine
2102515726,Max and the book of chaos
1757653087,Aircraft Evolution
447911394,Far Cry® 5
1881986875,Jisei: The First Case HD
1648052713,Déjà Vu
2066050880,Ultra Hat Dimension
859011533,Assassin's Creed® III Remastered
1749440700,Mekorama
1759275046,The Great Perhaps
1635848764,Robozarro
1960257965,DISTRAINT 2
2143308375,Lanternium
1935874120,Heroes Trials
1876224290,Welcome to Hanwell
1873492766,KINGDOM HEARTS HD 2.8 Final Chapter Prologue
1974519115,Clash Force
731954142,Noir Chronicles: City of Crime
496534680,Wolfenstein: Youngblood
1801662160,Queen's Quest 2: Stories of Forgotten Past (Xbox One Version)
1887639245,Tracks - The Train Set Game
1728966870,A Summer with the Shiba Inu
1879459921,Takotan
1724902545,Whipseey and the Lost Atlas
1678122551,Furwind
1679835971,Deliver Us The Moon
2102465429,Coffee Talk
605741753,The LEGO Movie 2 Videogame
1666214543,Radio Squid
926240545,Planet of the Apes: Last Frontier
1637474900,Spacejacked
1788227153,Pity Pit
1685514435,Shalnor Legends: Sacred Lands
1921366681,Gnomes Garden: Lost King
2081200138,Arcade Classics Anniversary Collection
2086162804,Awesome Pea 2
1847259893,Strawberry Vinegar
940594756,World War Z
963702216,Crayola Scoot
2100873169,Many Faces: Console Edition
1971844258,Castle Pals
2023785453,Evan's Remains
1923495076,Concept Destruction
1840565677,Island Saver
2027986430,Fury Unleashed
1857934534,Thy Sword
1654870769,Reed 2
1632339731,BRUTAL RAGE
1947126242,Zombies ruined my day
1969293314,Task Force Kampas
1987421796,Doug Hates His Job
1874758094,Active Neurons - Puzzle game
1855613713,Chop is Dish
2048107732,The Inner Friend
1645646111,Alvastia Chronicles
1907451415,Gun Crazy
2017010053,Taimumari: Complete Edition
621760503,Big Crown: Showdown
2043413535,Guard Duty
2082494703,DOUBLE DRAGON Ⅱ: The Revenge
1798874997,Ellen - The Game
2071892884,Lost Artifacts
1962559957,KINGDOM HEARTS - HD 1.5+2.5 ReMIX -
2010409612,DOUBLE DRAGON
2096824177,Renegade
1896944991,Crash'n the Boys Street Challenge
1903601100,Super Dodge Ball
2135898119,River City Ransom
2056602636,SiNKR
1662990136,Blind Men
1884638750,DOUBLE DRAGON Ⅲ: The Sacred Stones
1988173959,Retro Tanks
2010124610,Save Your Nuts
1873803329,Rush Rover
1869491359,Null Drifter
1775967989,Surviving Mars
1762897228,Outbreak: Lost Hope
1635790563,Infliction
1933242194,HORROR OF THE DEEP
770775860,RESIDENT EVIL 3
1840246441,Random Heroes: Gold Edition
331135949,DOOM Eternal
1736678881,Bleeding Edge
2106108993,Duck Souls+
1907682582,Final Star
2129874876,Indivisible
1759339651,Indivisible PCGP
2018434933,Thunder Paw
2136041956,DOOM 64
2014256843,Red Death
1645917629,Explosive Jake
1700125109,Hidden Through Time
1734360416,Captain Cat
2019410677,Mecho Tales
1664735575,Illusion of L'Phalcia
1970926688,Super Destronaut: Land Wars
2140805845,Wizards of Brandel
321656011,The Sims™ 4
2089045375,The Office Quest
1815398395,Syrup and the Ultimate Sweet
1712757078,Light Fairytale Episode 1
2070921614,Bayonetta
1912029217,STAB STAB STAB!
1995019942,Bucket Knight
1974630306,Grizzland
1688903402,Vasilis
1973312344,Asdivine Dios
2084162548,STONE
1885461011,Ailment
1777656573,Vanquish
1726220893,Knightin'+
1857354336,Project Starship
1737514117,Reed Remastered
1870108065,Outbreak: Epidemic
2136460296,Seek Hearts
1954741846,Rune Lord
642156375,Crash™ Team Racing Nitro-Fueled
1980974265,Vambrace: Cold Soul
1767095703,Selma and the Wisp X
1686368600,A Plague Tale: Innocence - Windows 10
1816963357,Classic Snake Adventures
1699368577,Zero Zero Zero Zero
1770151400,Antiquia Lost
303584158,Sea of Solitude
1687580905,Pillar
969381141,A Plague Tale: Innocence
1842345306,Milo's Quest: Console Edition
1859542622,Contra Anniversary Collection
1719470969,Asdivine Kamura
1742283736,Asdivine Menace
1823008383,Lumini
1878347145,FoxyLand 2
1840411466,Untitled Goose Game
2038019048,Far-Out
2119495218,Red Bow
1775378200,Sephirothic Stories
1847003138,Without Escape: Console Edition
1872911874,Lake Ridden
2078926688,DOOM II (Classic)
2078177178,Post War Dreams
2031533178,Asdivine Hearts II
1691343851,IN-VERT
1866194138,Murder Miners
1974043980,Disney Classic Games: Aladdin and The Lion King
1864318356,The Adventures of Elena Temple: Definitive Edition
1683139298,Newt One
2005824828,Varenje: Don't Speak With Berries
1626753413,Oliver's Adventures in the Fairyland
2034716130,CAN ANDROIDS PRAY: BLUE
1873401974,Pixel Devil and the Broken Cartridge
1662914480,Aery - Little Bird Adventure
2143656879,ACA NEOGEO FOOTBALL FRENZY for Windows
1877331117,Doodle God: Evolution
2090177263,Iro Hero
1911549828,Weakless
1783404014,The Tower of Beatrice
918284490,BIOHAZARD RE:2 Z Version
1765317358,ACA NEOGEO STRIKERS 1945 PLUS for Windows
1771664199,ACA NEOGEO PLEASURE GOAL： 5 ON 5 MINI SOCCER for Windows
374621264,RESIDENT EVIL 2
1663540846,ACA NEOGEO THE ULTIMATE 11: SNK FOOTBALL CHAMPIONSHIP for Windows
1719118328,ACA NEOGEO PUZZLE BOBBLE 2 for Windows
1797974868,ACA NEOGEO PUZZLE BOBBLE for Windows
1719226996,ACA NEOGEO THE KING OF FIGHTERS 2003 for Windows
1713876987,Wandersong
575414105,Life is Strange 2 - Episode 1
2028520097,My Friend Pedro
1966816764,My Friend Pedro Win10
1666494489,Tanky Tanks
1940322572,Five Nights at Freddy's
1665570273,FoxyLand
2059211995,Hollow Knight
394654741,GoNNER - BLüEBERRY EDiTION
1700344676,Ghostbusters: The Video Game Remastered
1801290087,Adventures of Bertram Fiddle: Episode 2: A Bleaker Predicklement
2127906505,Stretch Arcade
1974177380,Adventures of Bertram Fiddle: Episode 1: A Dreadly Business
964818375,Assassin's Creed® Odyssey
655366314,Fractured Minds
843161586,Time Carnage
1993404918,Football Game
2107195644,Scheming Through The Zombie Apocalypse: The Beginning
1611566668,Inferno 2+
1992471200,SNK 40th Anniversary Collection
1708537584,神巫女
1843235650,Restless Hero
2100585796,Delta Squad
1990116831,Yooka-Laylee and the Impossible Lair
1986181722,Caretaker Game
1738477013,Deep Space Rush
1723298499,Where the Bees Make Honey
1898651997,Just Ignore Them
2068314025,Slabwell
1692559022,Animus - Stand Alone
2048122343,ACA NEOGEO KIZUNA ENCOUNTER for Windows
1912881818,Super Box Land Demake
1901373103,A Winter’s Daydream
1981817951,One Night Stand: Console Edition
1952427486,Bloodstained: Ritual of the Night
2021453818,FINAL FANTASY VIII Remastered
607966981,FINAL FANTASY VII
1926895632,We Were Here
1854385564,Creature in the Well
1901151333,Royal Roads
1714151217,Blair Witch
1932645237,DISTRAINT: Deluxe Edition
1863788887,Legend of the Skyfish Xbox One Edition
1835568548,Himno
1939591328,ACA NEOGEO 3 COUNT BOUT for Windows
5446773,Glass Masquerade
2056655762,Remnant: From the Ashes
1785862913,Hellblade: Senua's Sacrifice
2064268067,Mekabolt
1787135558,Roarr! Jurassic Edition
2021987250,Downwell
2140309950,Gravity Duck
2096821037,DOOM 3
1838411318,Decay
2126853715,Sagebrush
1041455564,Pipe Push Paradise
497019090,Chasm
1772304991,Super Star Blast
1850970705,Blazing Chrome
1677459893,Super Wiloo Demake
806794764,Override: Mech City Brawl
1914086330,Broforce
1713297760,My Brother Rabbit
1621285366,DOOM (1993)
1931017847,ACA NEOGEO NINJA COMMANDO for Windows
1755178191,Duck Life Battle
1810637396,Hoggy2
366337421,Borderlands: Game of the Year Edition
1941012318,Mochi Mochi Boy
2098139948,Hero Express
1870861075,Paper Dolls Original
2050978528,ACA NEOGEO THE KING OF FIGHTERS 2001 for Windows
1865164318,Bouncy Bullets
1693500094,Grass Cutter - Mutated Lawns
2011473090,Paradox Soul
2141672058,OVIVO
824378203,Crackdown 3
2058605218,Attack of Toy Tanks
1781154919,AlienCruise
1781089938,The VideoKid
1742971944,Cybarian: The Time Traveling Warrior
1750324834,Driving Essentials
1855137956,2URVIVE
1868952265,ACA NEOGEO THE SUPER SPY
1838798461,Hexologic
1969729662,ACA NEOGEO GAROU: MARK OF THE WOLVES for Windows
446981050,Hitman: Absolution HD
111148378,Shikhondo - Soul Eater
2046294816,Aftercharge
773588741,RICO
1976357350,Neon Junctions
1670850723,ACA NEOGEO METAL SLUG 4 for Windows
1983411288,Neverout
1925552200,Warlock's Tower
913783821,Shadow of the Tomb Raider
1996083615,ACA NEOGEO STREET HOOP
2035781048,ACA NEOGEO SUPER SIDEKICKS 3 : THE NEXT GLORY
2045927459,ACA NEOGEO SUPER SIDEKICKS 2
1976630039,ACA NEOGEO ART OF FIGHTING 3 for Windows
1894379072,Back in 1995
2144913935,Castlevania Anniversary Collection
1725567866,Devious Dungeon 2
29460747,Purple Chicken Spaceman
1710095421,Super Space Serpent SE
245236582,Celeste
309062877,1979 Revolution: Black Friday
1657308331,ASCENDANCE
2088120493,ACA NEOGEO SAMURAI SHODOWN V
852417661,Default Title
1698914731,My Big Sister
357858858,KINGDOM HEARTS Ⅲ
1886435586,Bird Game +
924775200,Devil May Cry 5
1714978774,Zeroptian Invasion
2018425452,Guacamelee! 2
423941531,LEGO® Harry Potter™ Collection
1824926910,Iron Snout
1667615573,Super Weekend Mode
1689193187,The Count Lucanor
1972481531,ACA NEOGEO THE KING OF FIGHTERS 2000
2059560208,ACA NEOGEO NINJA COMBAT
967641964,Realm Royale
31939361,The Walking Dead: The Final Season
1724248771,METAGAL
1755111561,Miles & Kilo
1864246714,Blood Waves
2055344457,ACA NEOGEO BASEBALL STARS PROFESSIONAL
2116045375,ACA NEOGEO TOP HUNTER RODDY & CATHY
1752331738,One Leaves
375727819,Haimrik
2051823157,The First Tree
1801967906,I and Me
869175187,A Way Out
1616900566,Hyper Jam
2020065639,Old Man's Journey
1752292722,World Enduro Rally
1836761830,Creepy Road
1647606257,Awesome Pea
35820305,Crackdown 3: Wrecking Zone
1628427609,Daggerhood
1805980747,ACA NEOGEO STAKES WINNER
1623629655,Lost Artifacts: Soulstone
1668884999,Access Denied
1806333404,DayD: Through Time
1991354740,Lazy Galaxy: Rebel Story
1795973745,JackQuest
2046628793,PixARK
1998294853,Planet RIX-13
1613805570,Void Vikings
926156714,Onimusha: Warlords
2143108784,ACA NEOGEO Gururin
1611397130,20XX
1916758859,Donut County
2037684175,TRAX - Build it Race it
87350449,NieR:Automata™ BECOME AS GODS Edition
676489959,Remothered: Tormented Fathers
1982472205,ACA NEOGEO THE KING OF FIGHTERS '99
1713279767,Energy Cycle Edge
693381002,LEGO® The Incredibles
1929840140,ACA NEOGEO SHOCK TROOPERS 2nd Squad
1823775190,ACA NEOGEO AERO FIGHTERS 3
1835878377,The Gardens Between
1730762164,SINNER: Sacrifice for Redemption
654883159,The LEGO® NINJAGO® Movie Video Game
495493033,Turok
2088425994,Storm Boy
244291844,Far Cry® 3 Classic Edition
56347639,Spyro™ Reignited Trilogy
2076862108,Scalextric
945282628,Drunk-Fu: Wasted Masters
1704468348,MechaNika
2080903004,Shadow of Loot Box
1675736902,ACA NEOGEO SAMURAI SHODOWN III
1655378478,ACA NEOGEO MAGICAL DROP III
1987259507,ACA NEOGEO SHOCK TROOPERS
1615298005,ACA NEOGEO THE LAST BLADE 2
253370787,>observer_
1820214849,Midnight Deluxe
449394673,Vampyr
188910190,Tesla vs Lovecraft
341719186,Guns Gore and Cannoli 2
908941238,Mark of the Ninja: Remastered
1704224301,Devious Dungeon
1756566674,Spencer
904189395,Deployment
42493731,Mystik Belle
461678894,Owlboy
1768777160,ACA NEOGEO POWER SPIKES II
691951030,Deep Ones
676400860,FOX n FORESTS
1793267323,League of Evil
1710623049,ACA NEOGEO THE KING OF FIGHTERS '97
1902061385,ACA NEOGEO REAL BOUT FATAL FURY SPECIAL
1620740906,ACA NEOGEO METAL SLUG 3
1733288013,ACA NEOGEO THE KING OF FIGHTERS '98
606230808,Jack N' Jill DX
474102727,Omega Strike
2099992440,Twin Robots: Ultimate Edition
2113943936,Fernz Gate
1897858878,Asdivine Hearts
912199926,Yet Another Zombie Defense HD
639411963,Metropolis: Lux Obscura
1883977094,Sigi
1960996145,Don't Sink
450748944,The Journey Down: Chapter Three
4968325,The Journey Down: Chapter Two
107791275,FullBlast
513317848,Haunted Halloween '86
508398230,Alteric
380646675,TETRA's Escape
191992908,The Journey Down: Chapter One
936257454,Asemblance: Oversight
346098390,Hotel Transylvania 3: Monsters Overboard
196597117,Mega Man X Legacy Collection 2
2059320064,ACA NEOGEO METAL SLUG X
2131854107,ACA NEOGEO BURNING FIGHT
954605110,Assassin’s Creed® Rogue Remastered
1998429514,The Path of Motus
333701857,Mega Man X Legacy Collection
702883504,The Long Reach
34077338,The Mooseman
1969970579,ACA NEOGEO SAMURAI SHODOWN II
1663414564,ACA NEOGEO FATAL FURY 3
919503560,Super Destronaut DX
2106443199,Samsara
1773817392,Rise of Insanity
1789385168,ACA NEOGEO BLUE'S JOURNEY
2034960541,ACA NEOGEO SPIN MASTER
947593055,What the Box?
72159092,Crash Bandicoot™ N. Sane Trilogy
780657355,Past Cure
522156478,Riddled Corpses EX
591630310,Bloodstained: Curse of the Moon
1849488064,ACA NEOGEO SUPER SIDEKICKS
144763408,Gorogoa
1758359164,ACA NEOGEO AERO FIGHTERS 2
1860382405,ACA NEOGEO FATAL FURY SPECIAL
1795829038,ACA NEOGEO SENGOKU 2
60656359,SOMA
300490305,Claybook
651709478,Emily Wants to Play Too
616579628,Rocket Wars
649884307,InkSplosion
1040009086,Super Lucky's Tale
1003487612,Korgan
1977415136,ACA NEOGEO ART OF FIGHTING 2
1729691718,ACA NEOGEO PULSTAR
2003935652,ACA NEOGEO MAGICIAN LORD
1792354766,ACA NEOGEO THE KING OF FIGHTERS '96
991397944,Babylon 2055 Pinball
859843286,Hellblade: Senua's Sacrifice
957732994,Spiral Splatter
502034863,Assassin's Creed® Origins
1788342021,ACA NEOGEO FATAL FURY 2
28588008,One Eyed Kutkh
521892059,NORTH
2131885858,ACA NEOGEO GALAXY FIGHT: UNIVERSAL WARRIORS
1894757738,ACA NEOGEO THE KING OF FIGHTERS '95
1699837949,ACA NEOGEO ALPHA MISSION II
1839622239,ACA NEOGEO METAL SLUG 2
1642970638,ACA NEOGEO SAMURAI SHODOWN
1927413489,ACA NEOGEO ZED BLADE
2118221802,ACA NEOGEO SENGOKU
1763468342,ACA NEOGEO THE LAST BLADE
693104257,The Station
54480103,The Vanishing of Ethan Carter
144125902,Fearful Symmetry & The Cursed Prince
646403599,Kholat
6731207,Albert and Otto
542819315,Life is Strange: Before the Storm Episode 1
197099439,Winx Club: Alfea Butterflix Adventures
305444235,Turtle's Quest
1993840835,ACA NEOGEO THE KING OF FIGHTERS '94
1892964985,ACA NEOGEO LAST RESORT
1721685011,ACA NEOGEO OVER TOP
1693769729,ACA NEOGEO NAM-1975
1927790109,Rememoried
593615886,Paladin
300732950,The Food Run
956590734,Mega Man Legacy Collection 2
984939821,Jump Step Step
1725136156,Tacoma
293403523,Cartoon Network: Battle Crashers
1984205216,R.B.I. Baseball 21
1810648866,Chickens Madness
219620906,ADIOS Amigos
880031210,NBA LIVE 19
838726055,PRO EVOLUTION SOCCER 2018
258602783,ZAMB! Redux
1671883571,Beyond Enemy Lines 2
2046176982,Empire of Sin
1628698678,Thief Simulator
1612838382,39 Days to Mars
161239786,The One We Found
384396065,Unravel Two
68553410,Kingdom Come: Deliverance
1015961921,Starpoint Gemini Warlords
1022309747,Super Dungeon Tactics
1032585022,Phantom Doctrine
1036658396,The Long Journey Home
1060097466,Serious Sam Collection
112459691,Default Title
117079432,Rival Megagun
121904051,Fall of Light: Darkest Edition
121979203,Achtung! Cthulhu Tactics
12206284,eFootball  PES 2020
154176805,Voyage of the Dead
157277421,Big Bash Boom
1611214808,Romancing SaGa 3
1619542068,Dawn of Man
1619933938,The Survivalists
1620274602,Cricket 19
1622731815,Rise Eterna
1623503769,RiMS Racing
1624083933,BALAN WONDERWORLD
162448742,Outer Wilds
1624814459,Dungeon Scavenger
1625928155,Exodemon
1627444318,Backbone
1627622889,Warhammer Quest 2: The End Times
1629584756,Slide Stars
1630329125,Miden Tower
1632843296,Pillars of Eternity 2: Deadfire
1634118154,Football Manager 2021 Xbox Edition
1634720918,Ultimate Custom Night
1634898195,Darkwood
1635653833,NeuroBloxs
1635661974,Bladed Fury
1636827856,DiRT Rally 2.0
1642225842,RoboPhobik
1642329913,Professor Rubik's Brain Fitness
1642942095,CONTRA: ROGUE CORPS
1646285430,Space Hulk: Tactics
1648742604,Super Blood Hockey
1649097896,SnowRunner – Windows 10
1651580938,Aggelos
1652661000,Rugby Challenge 4
1653931031,Let's Sing 2021 mit deutschen Hits
1657204030,Mr. Pumpkin 2: Kowloon walled city
1657689138,Worms W.M.D
1657835461,Gods Will Fall
1658477123,Unturned
1661545526,Orcs Must Die! 3
1664110632,R-Type Final 2 (Xbox One and Series X)
1664137567,Crystal Rift
1664817482,Blue Fire
1672051495,Rising Hell
1673810447,Tony Stewart's All-American Racing
1675121339,Football Manager 2020
1677911053,Red Wings: Aces of the Sky
1678666345,Megaquarium
1679173794,MotoGP™21
1679305719,Yonder: The Cloud Catcher Chronicles
1679830701,Shing!
1679847034,Batbarian
1681695472,Tales of Vesperia_PC_Base Game
1682174654,Monster Harvest
1682210869,TITAN SLAYER
1682659740,RuneStone Keeper
1684323586,GreedFall - Windows 10
1684384721,Golden Force
1684494638,Rigid Force Redux
1685398815,Minoria
1686804958,Convoy: A Tactical Roguelike
1687285537,Floor Plan: Hands-On Edition
1687388278,KINGDOM HEARTS - HD 1.5+2.5 ReMIX -
1687693597,Assetto Corsa Competizione
1691013379,Secret Neighbor
1691269064,Shadow Warrior 2 Win 10
1692202568,Madness Beverage
1692346754,Animus: Revenant
1693651580,Bow to Blood
1695392136,Tormented Souls
1696173302,RIDE 4
1696900915,Aritana and the Twin Masks
1697327394,Disjunction
1698736128,Guts 'N Goals
1698840007,Beholder 2
1700516900,NINJA GAIDEN 3: Razor's Edge
1701683366,Let's Sing 2020 mit deutschen Hits
1702363847,Rover Mechanic Simulator
1703270586,Kingdom Come: Deliverance (Windows)
1704091492,OkunoKA Madness
1704142080,Warhammer: Chaosbane Enhanced Edition
1705964057,Nongunz: Doppelganger Edition
1706007518,Nexomon: Extinction
1706704659,Eldest Souls
1708380015,Arizona Sunshine
1709106662,Cricket 19 Windows 10
1710190632,RiMS Racing - Scarlett
1710968984,Planescape: Torment and Icewind Dale: Enhanced Editions
1711332838,KH MoM JP
1711793977,Lost Words: Beyond the Page (Win 10)
1713543499,Colossus Down
1714206399,R.B.I. Baseball 21
1714277938,Murder Diaries
1715299624,LA-MULANA
1716409839,Tacticool Champs
1717134406,Immortal Realms (Win)
1717959976,Alluris
171869406,War Thunder
1719360585,Gelly Break Deluxe
1725237513,Autobahn Police Simulator 2
1726007892,Fantasy General II: Invasion
1727107851,Blast Zone! Tournament
1727835390,Arkham Horror: Mother’s Embrace
1729124821,SuperMash
1729495211,Alder's Blood
1729965680,Do Not Feed the Monkeys
1733044130,Madden NFL 22 Xbox Series X|S
1734964144,Ghosts 'n Goblins Resurrection
1735266252,Battle Princess Madelyn
1735845764,The Talos Principle
1736201364,Button City
1739510140,Bug Academy
1739816952,Golf Peaks
1740083396,Animal Doctor
1744298534,Catlateral Damage: Remeowstered
1745696189,The Walking Vegetables: Radical Edition
1746366899,Attack of the Earthlings
1749227385,Rex Rocket
1749356989,Maximum Football 2020
1752550996,The Amazing American Circus
1753346763,We. The Revolution
1753525435,R-TYPE FINAL 2
1755180052,Yakuza 3
1758562287,Ultrawings
1758796660,Wobbly Life
1760385479,Pile Up!
1760622022,Summer Sports Games
1762541851,Defend the Bits VR
1762712365,Stellaris
1762877003,Shadows of Kurgansk
1763236945,AFL Evolution 2
1763558052,Mad Games Tycoon
1764107912,Yakuza 4 (PC)
1765316320,Sentinels of Freedom
1765548923,Crystal Ortha
1766907656,MotoGP™21 - Xbox Series X|S
1767974553,Cozy Grove
1772442243,Star Hunter DX
1773142063,ENDER LILIES
1773431897,Yakuza 6: The Song of Life
1774500212,Shantae: Risky's Revenge
1775966138,PBA Pro Bowling 2021
964706972, No Man's Sky
1285166951, The Elder Scrolls Online: Tamriel Unlimited
1831239909, Death Stranding